{
	"format_version": "1.8.0",
	"animations": {
		"The_Forbidden_Artifact_Animation": {
			"loop": true,
			"animation_length": 15,
			"bones": {
				"core": {
					"rotation": {
						"13.25": [0, 0, 0],
						"13.3333": {
							"pre": [7.47178, -0.65182, 4.95744],
							"post": [7.47178, -0.65182, 4.95744],
							"lerp_mode": "catmullrom"
						},
						"13.4167": {
							"post": [0, 0, 0],
							"lerp_mode": "catmullrom"
						},
						"13.5": {
							"post": [-3, 0, -3],
							"lerp_mode": "catmullrom"
						},
						"13.5833": [0, 0, 0]
					},
					"position": {
						"0.0": [0, 0, 0],
						"0.5417": [0, 0, 0],
						"0.5833": [0, 0.24623, 0],
						"0.625": [0, 0.80542, 0],
						"0.6667": [0, 1.52857, 0],
						"0.7083": [0, 2.33437, 0],
						"0.75": [0, 3.16563, 0],
						"0.7917": [0, 3.97143, 0],
						"0.8333": [0, 4.69458, 0],
						"0.875": [0, 5.25377, 0],
						"0.9167": [0, 5.5, 0],
						"1.4583": [0, 5.5, 0],
						"2.0": [0, 5.5, 0],
						"2.5417": [0, 5.5, 0],
						"3.0833": [0, 5.5, 0],
						"3.625": [0, 5.5, 0],
						"4.1667": [0, 5.5, 0],
						"4.7083": [0, 5.5, 0],
						"5.25": [0, 5.5, 0],
						"5.7917": [0, 5.5, 0],
						"6.3333": [0, 5.5, 0],
						"6.875": [0, 5.5, 0],
						"7.4167": [0, 5.5, 0],
						"7.9583": [0, 5.5, 0],
						"8.5": [0, 5.5, 0],
						"9.0417": [0, 5.5, 0],
						"9.5833": [0, 5.5, 0],
						"10.125": [0, 5.5, 0],
						"10.6667": [0, 5.5, 0],
						"11.2083": [0, 5.5, 0],
						"11.75": [0, 5.5, 0],
						"12.2917": [0, 5.5, 0],
						"12.8333": [0, 5.5, 0],
						"13.0": [0, 5.5, 0],
						"13.0417": [0, 5.17056, 0],
						"13.0833": [0, 4.1886, 0],
						"13.1667": [0, 1.3114, 0],
						"13.2083": [0, 0.32944, 0],
						"13.25": [0, 0, 0],
						"13.3333": {
							"pre": [0.02615, 0.5207, 0.13317],
							"post": [0.02615, 0.5207, 0.13317],
							"lerp_mode": "catmullrom"
						},
						"13.4167": {
							"post": [0, 0, 0],
							"lerp_mode": "catmullrom"
						},
						"13.5": {
							"post": [-0.01699, 0.32411, 0.01701],
							"lerp_mode": "catmullrom"
						},
						"13.5833": [0, 0, 0]
					}
				},
				"center_piece_bottoms": {
					"rotation": {
						"0.0": [0, 0, 0],
						"2.5": [0, 0, 0],
						"3.0417": [0, 92.5, 0],
						"3.3333": [0, 90, 0],
						"10.3333": [0, -630, 0],
						"10.625": [0, -540, 0]
					},
					"position": {
						"0.0": [0, 0, 0],
						"2.5": [0, 0, 0],
						"3.0417": [0, -4.1, 0],
						"3.3333": [0, -4, 0],
						"9.5": {
							"pre": [0, -4, 0],
							"post": [0, -4, 0],
							"lerp_mode": "catmullrom"
						},
						"9.9167": {
							"post": [0, -4.3, 0],
							"lerp_mode": "catmullrom"
						},
						"10.3333": [0, -4, 0],
						"10.625": [0, 0, 0]
					}
				},
				"center_piece_ring_north": {
					"position": {
						"2.75": [0, 0, 0],
						"3.0417": [0, 0, 0.5],
						"10.3333": [0, 0, 0.5],
						"10.625": [0, 0, 0]
					}
				},
				"center_piece_ring_west": {
					"position": {
						"2.75": [0, 0, 0],
						"3.0417": [-0.5, 0, 0],
						"10.3333": [-0.5, 0, 0],
						"10.625": [0, 0, 0]
					}
				},
				"center_piece_ring_south": {
					"position": {
						"2.75": [0, 0, 0],
						"3.0417": [0, 0, -0.5],
						"10.3333": [0, 0, -0.5],
						"10.625": [0, 0, 0]
					}
				},
				"center_piece_ring_east": {
					"position": {
						"2.75": [0, 0, 0],
						"3.0417": [0.5, 0, 0],
						"10.3333": [0.5, 0, 0],
						"10.625": [0, 0, 0]
					}
				},
				"center_piece_tops": {
					"rotation": {
						"0.0": [0, 0, 0],
						"2.5": [0, 0, 0],
						"3.0417": [0, -92.5, 0],
						"3.3333": [0, -92.5, 0],
						"10.3333": [0, 629.88, 0],
						"10.625": [0, 539.88, 0]
					},
					"position": {
						"0.0": [0, 0, 0],
						"2.5": [0, 0, 0],
						"3.0417": [0, 4, 0],
						"3.3333": [0, 4, 0],
						"9.5": {
							"pre": [0, 4, 0],
							"post": [0, 4, 0],
							"lerp_mode": "catmullrom"
						},
						"9.9167": {
							"post": [0, 4.3, 0],
							"lerp_mode": "catmullrom"
						},
						"10.3333": [0, 4, 0],
						"10.625": [0, 0, 0]
					}
				},
				"center_piece_top_east": {
					"rotation": {
						"0.0": [0, 0, 0],
						"2.5": [0, 0, 0],
						"3.0417": [0, 0, -30],
						"10.3333": [0, 0, -30],
						"10.625": [0, 0, 0]
					}
				},
				"center_piece_top_south": {
					"rotation": {
						"0.0": [0, 0, 0],
						"2.5": [0, 0, 0],
						"3.0417": [-25, 0, 0],
						"10.3333": [-25, 0, 0],
						"10.625": [0, 0, 0]
					}
				},
				"center_piece_top_west": {
					"rotation": {
						"0.0": [0, 0, 0],
						"2.5": [0, 0, 0],
						"3.0417": [0, 0, 25],
						"10.3333": [0, 0, 25],
						"10.625": [0, 0, 0]
					}
				},
				"center_piece_top_north": {
					"rotation": {
						"0.0": [0, 0, 0],
						"2.5": [0, 0, 0],
						"3.0417": [25, 0, 0],
						"10.3333": [25, 0, 0],
						"10.625": [0, 0, 0]
					}
				},
				"top_corner2": {
					"position": {
						"0.0": [0, 0, 0],
						"1.25": [0, 0, 0],
						"1.75": [1, 1.41421, 1],
						"11.0": {
							"pre": [1, 1.41, 1],
							"post": [1, 1.41, 1],
							"lerp_mode": "catmullrom"
						},
						"11.5": {
							"post": [0, 0, 0],
							"lerp_mode": "catmullrom"
						}
					}
				},
				"top_corner1": {
					"position": {
						"0.0": [0, 0, 0],
						"1.375": [0, 0, 0],
						"1.875": [-1, 1.41421, 1],
						"11.25": {
							"pre": [-1, 1.41, 1],
							"post": [-1, 1.41, 1],
							"lerp_mode": "catmullrom"
						},
						"11.75": {
							"post": [0, 0, 0],
							"lerp_mode": "catmullrom"
						}
					}
				},
				"top_corner3": {
					"position": {
						"0.0": [0, 0, 0],
						"1.125": [0, 0, 0],
						"1.625": [1, 1.41421, -1],
						"10.75": {
							"pre": [1, 1.41, -1],
							"post": [1, 1.41, -1],
							"lerp_mode": "catmullrom"
						},
						"11.25": {
							"post": [0, 0, 0],
							"lerp_mode": "catmullrom"
						}
					}
				},
				"top_corner4": {
					"position": {
						"0.0": [0, 0, 0],
						"1.0": [0, 0, 0],
						"1.5": [-1, 1.41421, -1],
						"10.5": {
							"pre": [-1, 1.41421, -1],
							"post": [-1, 1.41421, -1],
							"lerp_mode": "catmullrom"
						},
						"11.0": {
							"post": [0, 0, 0],
							"lerp_mode": "catmullrom"
						}
					}
				},
				"bottom_corner2": {
					"position": {
						"0.0": [0, 0, 0],
						"1.75": [0, 0, 0],
						"2.25": [1, -1.41421, 1],
						"12.0": {
							"pre": [1, -1.41, 1],
							"post": [1, -1.41, 1],
							"lerp_mode": "catmullrom"
						},
						"12.5": {
							"post": [0, 0, 0],
							"lerp_mode": "catmullrom"
						}
					}
				},
				"bottom_corner1": {
					"position": {
						"0.0": [0, 0, 0],
						"1.9167": [0, 0, 0],
						"2.4167": [-1, -1.41421, 1],
						"12.25": {
							"pre": [-1, -1.41, 1],
							"post": [-1, -1.41, 1],
							"lerp_mode": "catmullrom"
						},
						"12.75": {
							"post": [0, 0, 0],
							"lerp_mode": "catmullrom"
						}
					}
				},
				"bottom_corner3": {
					"position": {
						"0.0": [0, 0, 0],
						"1.625": [0, 0, 0],
						"2.125": [1, -1.41421, -1],
						"11.75": {
							"pre": [1, -1.41, -1],
							"post": [1, -1.41, -1],
							"lerp_mode": "catmullrom"
						},
						"12.25": {
							"post": [0, 0, 0],
							"lerp_mode": "catmullrom"
						}
					}
				},
				"bottom_corner4": {
					"position": {
						"0.0": [0, 0, 0],
						"1.5": [0, 0, 0],
						"2.0": [-1, -1.41421, -1],
						"11.5": {
							"pre": [-1, -1.41, -1],
							"post": [-1, -1.41, -1],
							"lerp_mode": "catmullrom"
						},
						"12.0": {
							"post": [0, 0, 0],
							"lerp_mode": "catmullrom"
						}
					}
				},
				"center_piece_bottom_north": {
					"rotation": {
						"0.0": [0, 0, 0],
						"2.5": [0, 0, 0],
						"3.0417": [-25, 0, 0],
						"10.3333": [-25, 0, 0],
						"10.625": [0, 0, 0]
					}
				},
				"center_piece_bottom_west": {
					"rotation": {
						"0.0": [0, 0, 0],
						"2.5": [0, 0, 0],
						"3.0417": [0, 0, -22.5],
						"10.3333": [0, 0, -22.5],
						"10.625": [0, 0, 0]
					}
				},